Region;Mutation_type;Position_EcoR1;NUC1_P3;NUC2_P3;NUC3_P3;NUC1_noP3;NUC2_noP3;NUC3_noP3
PreCore;nt;1858;2;;;-19;;
PreCore;nt;1896;40;;;19;;
PreCore;nt;1899;43;;;22;;
Core;codon;1;45;46;47;24;25;26
Core;codon;130;432;433;434;411;412;413
Domaine PreS1;codon;1;992;993;994;971;972;973
Domaine PreS2;codon;1;1316;1317;1318;1295;1296;1297
Domaine S;codon;1;1481;1482;1483;1460;1461;1462
Domaine S;codon;120;1838;1839;1840;1817;1818;1819
Domaine S;codon;122;1844;1845;1846;1823;1824;1825
Domaine S;codon;126;1856;1857;1858;1835;1836;1837
Domaine S;codon;127;1859;1860;1861;1838;1839;1840
Domaine S;codon;129;1865;1866;1867;1844;1845;1846
Domaine S;codon;130;1868;1869;1870;1847;1848;1849
Domaine S;codon;133;1877;1878;1879;1856;1857;1858
Domaine S;codon;145;1913;1914;1915;1892;1893;1894
Domaine S;codon;177;2009;2010;2011;1988;1989;1990
Domaine RT;codon;1;1456;1457;1458;1435;1436;1437
Domaine RT;codon;78;1687;1688;1689;1666;1667;1668
Domaine RT;codon;80;1693;1694;1695;1672;1673;1674
Domaine RT;codon;106;1771;1772;1773;1750;1751;1752
Domaine RT;codon;126;1831;1832;1833;1810;1811;1812
Domaine RT;codon;134;1855;1856;1857;1834;1835;1836
Domaine RT;codon;163;1942;1943;1944;1921;1922;1923
Domaine RT;codon;169;1960;1961;1962;1939;1940;1941
Domaine RT;codon;173;1972;1973;1974;1951;1952;1953
Domaine RT;codon;177;1984;1985;1986;1963;1964;1965
Domaine RT;codon;180;1993;1994;1995;1972;1973;1974
Domaine RT;codon;181;1996;1997;1998;1975;1976;1977
Domaine RT;codon;184;2005;2006;2007;1984;1985;1986
Domaine RT;codon;186;2011;2012;2013;1990;1991;1992
Domaine RT;codon;194;2035;2036;2037;2014;2015;2016
Domaine RT;codon;202;2059;2060;2061;2038;2039;2040
Domaine RT;codon;204;2065;2066;2067;2044;2045;2046
Domaine RT;codon;215;2098;2099;2100;2077;2078;2079
Domaine RT;codon;233;2152;2153;2154;2131;2132;2133
Domaine RT;codon;236;2161;2162;2163;2140;2141;2142
Domaine RT;codon;248;2197;2198;2199;2176;2177;2178
Domaine RT;codon;249;2200;2201;2202;2179;2180;2181
Domaine RT;codon;250;2203;2204;2205;2182;2183;2184
Domaine RT;codon;269;2260;2261;2262;2239;2240;2241
Domaine HBx;codon;1;2730;2731;2732;2709;2710;2711
Domaine HBx;codon;130;3117;3118;3119;3096;3097;3098
Domaine HBx;codon;131;3120;3121;3122;3099;3100;3101
BCP;nt;1653;2979;;;2958;;
BCP;nt;1753;3079;;;3058;;
BCP;nt;1762;3088;;;3067;;
BCP;nt;1764;3090;;;3069;;
BCP;nt;1766;3092;;;3071;;
BCP;nt;1768;3094;;;3073;;
